-- MySQL dump 10.13  Distrib 8.0.11, for macos10.13 (x86_64)
--
-- Host: localhost    Database: eqsAuction
-- ------------------------------------------------------
-- Server version	8.0.11

/*!40101 SET @OLD_CHARACTER_SET_CLIENT=@@CHARACTER_SET_CLIENT */;
/*!40101 SET @OLD_CHARACTER_SET_RESULTS=@@CHARACTER_SET_RESULTS */;
/*!40101 SET @OLD_COLLATION_CONNECTION=@@COLLATION_CONNECTION */;
 SET NAMES utf8mb4 ;
/*!40103 SET @OLD_TIME_ZONE=@@TIME_ZONE */;
/*!40103 SET TIME_ZONE='+00:00' */;
/*!40014 SET @OLD_UNIQUE_CHECKS=@@UNIQUE_CHECKS, UNIQUE_CHECKS=0 */;
/*!40014 SET @OLD_FOREIGN_KEY_CHECKS=@@FOREIGN_KEY_CHECKS, FOREIGN_KEY_CHECKS=0 */;
/*!40101 SET @OLD_SQL_MODE=@@SQL_MODE, SQL_MODE='NO_AUTO_VALUE_ON_ZERO' */;
/*!40111 SET @OLD_SQL_NOTES=@@SQL_NOTES, SQL_NOTES=0 */;

--
-- Table structure for table `account`
--

DROP TABLE IF EXISTS `account`;
/*!40101 SET @saved_cs_client     = @@character_set_client */;
/* SET character_set_client = utf8mb4 ;*/
CREATE TABLE `account` (
  `id` int(11) NOT NULL AUTO_INCREMENT,
  `password` varchar(255) DEFAULT NULL,
  `category` int(4) DEFAULT NULL,
  `email` varchar(64) DEFAULT NULL,
  `address1` varchar(50) DEFAULT NULL,
  `mobile` varchar(13) NOT NULL,
  `city` varchar(20) DEFAULT NULL,
  `state` varchar(20) DEFAULT NULL,
  `country` varchar(20) DEFAULT NULL,
  `zipcode` varchar(12) DEFAULT NULL,
  `name` varchar(60) DEFAULT NULL,
  `address2` varchar(50) DEFAULT NULL,
  `address3` varchar(50) DEFAULT NULL,
  PRIMARY KEY (`id`)
) ENGINE=InnoDB AUTO_INCREMENT=33 DEFAULT CHARSET=latin1;
/*!40101 SET character_set_client = @saved_cs_client */;

--
-- Dumping data for table `account`
--

LOCK TABLES `account` WRITE;
/*!40000 ALTER TABLE `account` DISABLE KEYS */;
INSERT INTO `account` VALUES (1,'$2a$10$W7NY/tHakcyjXHeZH/JIFuAgSPnpgynxlaWKZ7pEYY2vsenN13ji.',1,'user1@gmail.com','N 715\r\nhostel 10 IIT Bombay','1111111111','Lohit','Arunachal Pradesh','India','400076','user1',NULL,NULL),(3,'$2a$10$pt8GvAttorEU.ZvCkV3Yl.I8Po0ZKd2bL4H23aaJiy9VuvHyG9Pgm',1,'user3@email.com','add1','3333333333','city1','state1','India','123456','user3',NULL,NULL),(5,'$2a$10$9I.BCJNSVIIrrL3UPRojJeTzQX8XxR0q3IfV/Qb6EnD692/mOzNzW',1,'user5@email.com','add1','5555555555','city1','state1','India','1111111','user2',NULL,NULL),(7,'$2a$10$O//Ef0xIAS6jR56ezySC8.qTbvBUQh01.8dVJ6lx9008kZAHnhn0y',0,'admin1@email.com','add1','000000000','city1','state1','India','1111111','admin1',NULL,NULL),(8,'$2a$10$iji.zoTI43zzTspvliaqMO3i9NbQYfdsUr6Z25GstwITnTalWg6bG',1,'shr@email.com','59 Shiv Vilas Palace Rajwada Indore, Rajwada','1234567890','INDORE','Madhya Pradesh','India','452004','Shrut Jain',NULL,NULL),(9,'$2a$10$CTWoUsCMx5sQd50o8LXTfOXMfvfSR9/cDWUPQdjKnL1c.6xaULOdq',0,'admin2@email.com',NULL,'0987654321',NULL,NULL,NULL,NULL,'admin2',NULL,NULL),(10,'$2a$10$lMHgnswWJqkTdQUp0K.6verjKBcDh73wn31OD01p5s1dd.oLdb2ty',1,'gvghj','njk','5677687','jn','jbhj','bnjn','7878','vhv',NULL,NULL),(11,'$2a$10$ULcxnEgYK28urAPohRrpSemVM/gfIiXO4clbuRF40x9g7sBHcF6fa',1,'hvbhjb','bhjbk','87989','bhjb','hbhjb','bhjbk','7897','jhjk',NULL,NULL),(12,'$2a$10$wdOQfEw552hUFiLn839hN.fZ26pEDcuo0IGN20WwJbDjS8rpvAXka',1,'gvh@njn','hvgh','78789','vhv','gvghv','gvgh','879','bjkb',NULL,NULL),(13,'$2a$10$9bQjeTuPkRX35hFnsMPWiuYNc7dojJF0YkY5D0vOQ2p5.12wb/NlK',1,'vgvgh@bhjb','hbhj','87','vhv','vbhv','vhjvg','789','bhjb',NULL,NULL),(14,'$2a$10$ZTGVk0bkOY53fLNluUSkZ.9o5uY5xB5I14o/sp5kS/wvuNXjUtG9e',1,'ghvgh@hjb.com','ghvghv','8798','vhjv','vhjv','vhgv','687','gyhh',NULL,NULL),(15,'$2a$10$I2ZjN.Ag.RV7iqrhxnicCOvjzhbGsFw9dgArEwEHQh88r7eTudUhi',1,'gvg@bjhbj.com','vgyvg','7887','vghv','vghvh','vgvh','778','hv ghv',NULL,NULL),(16,'$2a$10$X0du1zIvWMu32A.OS.LB6e7E00OUWcR4hiiJc0SSrcDkcI4koZ1x6',1,'fgvg@bhjbj','bv ghv','7868','vghvghv','vghgvghv','vghvhgv','789789','gcgh',NULL,NULL),(17,'$2a$10$cIL5MMdwRXHG1rqFpI/9seXpcWlSIT7ap0N22hmJVIOqIbeF3nWda',1,'gvghv@hjbjb.com','vghgvgh','76786','vghv','vghv','vhgvh','7897','gvghv',NULL,NULL),(18,'$2a$10$QRqDNZFbIVcg0Dps3zQ9vu0WQt53pliL4StcxbJAa9w8ZU/9QnHeC',1212121212,NULL,NULL,'1',NULL,NULL,NULL,NULL,'aaaaakash',NULL,NULL),(19,'$2a$10$k.BhT4peWTqzfFUR8tggGe9csSD1f78194YfVhxl5CqkQUtaftCG2',1212,NULL,NULL,'1',NULL,NULL,NULL,NULL,'aaaaakash',NULL,NULL),(20,'$2a$10$rhuBOipoXJSCmLtBs7qJB.HXvCo/75SzSNIaWu7cg5j4I.MQ2bgcO',1212121212,NULL,NULL,'1',NULL,NULL,NULL,NULL,'aaaaakash',NULL,NULL),(21,'$2a$10$CwINMtX5KU7Tv26NaQc/tOxngJzQtKANWkrLPpwbQSLM7H.lQ1Vb6',1212121212,NULL,NULL,'1',NULL,NULL,NULL,NULL,'aaaaakash',NULL,NULL),(22,'$2a$10$XrJoB7lUCpVux3YeTIk8..w8o.53jDu.lm5lOsaOz5mP9yVtw5Uci',1212121212,NULL,NULL,'1',NULL,NULL,NULL,NULL,'aaaaakash',NULL,NULL),(23,'$2a$10$RmDCXTIBE5DJc89HXs83G.6DFAZSgkBKPDEwbV8z9ndBW5RdEk0ay',1,NULL,NULL,'1212121212',NULL,NULL,NULL,NULL,'aaaaakash',NULL,NULL),(24,'$2a$10$eBHPyrHDFnasbX2TzfOIEunyZ7MtNQv8TyezIc6gLt4CP/SVIGeQq',1,NULL,NULL,'9878987678',NULL,NULL,NULL,NULL,'userr',NULL,NULL),(25,'$2a$10$wcKKH4Vs2Rtq.e/FOeuJCu3BbIQM538XK3azZi991g9su9S/p0NpS',1,NULL,NULL,'9876757878',NULL,NULL,NULL,NULL,'userr',NULL,NULL),(26,'$2a$10$NfQN166yhQQJRUo6qeE07.ruC4FKeyBsCQFdwINQYrIR5ZKyLOdLm',1,NULL,NULL,'9876789876',NULL,NULL,NULL,NULL,'userr',NULL,NULL),(27,'$2a$10$jLk/uIGe3O2wEsv8S.NmuORQjF9yroywRQl3Q38k8I/3ixzgNXTQG',1,NULL,NULL,'2343212345',NULL,NULL,NULL,NULL,'userr',NULL,NULL),(28,'$2a$10$mKn5LiuS0H8HDD0vaRFrvuWoUu88OWMIpBNgzOOjboeWJuKDCChi6',1,NULL,NULL,'9876545678',NULL,NULL,NULL,NULL,'userr',NULL,NULL),(29,'$2a$10$XebHkKgAPv3m8n6E/pvJiesVE7svpU13HYnVDr1f0.652Z.wwGCMK',1,NULL,NULL,'1234567898',NULL,NULL,NULL,NULL,'aaaaakash',NULL,NULL),(30,NULL,1,NULL,NULL,'3456',NULL,NULL,NULL,NULL,'Company Inc',NULL,NULL),(31,'$2a$10$DLzZXhQGEIje6nHUA16qsuaeh6i7Y/xtPVlPityWePWtVA./HzbMi',1,'shr@email.com','59 Shiv Vilas Palace','7878787867','Alirajpur','Madhya Pradesh','India','452004','my name','Rajwada',''),(32,'$2a$10$TgJ41AyuxHy052zHAQTG0uMhSu3DvmHh2563rMfKVT6rKE.ro41ru',1,NULL,NULL,'9876897899',NULL,NULL,NULL,NULL,'new user',NULL,NULL);
/*!40000 ALTER TABLE `account` ENABLE KEYS */;
UNLOCK TABLES;

--
-- Table structure for table `admin`
--

DROP TABLE IF EXISTS `admin`;
/*!40101 SET @saved_cs_client     = @@character_set_client */;
 /*SET character_set_client = utf8mb4 ;*/
CREATE TABLE `admin` (
  `id` int(5) DEFAULT NULL,
  `location` int(5) DEFAULT NULL,
  `boss_id` int(5) DEFAULT NULL
) ENGINE=InnoDB DEFAULT CHARSET=latin1;
/*!40101 SET character_set_client = @saved_cs_client */;

--
-- Dumping data for table `admin`
--

LOCK TABLES `admin` WRITE;
/*!40000 ALTER TABLE `admin` DISABLE KEYS */;
/*!40000 ALTER TABLE `admin` ENABLE KEYS */;
UNLOCK TABLES;

--
-- Table structure for table `all_equipment`
--

DROP TABLE IF EXISTS `all_equipment`;
/*!40101 SET @saved_cs_client     = @@character_set_client */;
 /*SET character_set_client = utf8mb4 ;*/
CREATE TABLE `all_equipment` (
  `id` int(11) NOT NULL AUTO_INCREMENT,
  `brand` varchar(20) DEFAULT NULL,
  `model` varchar(20) DEFAULT NULL,
  `year` int(4) DEFAULT NULL,
  `colour` varchar(15) DEFAULT NULL,
  `km` int(11) DEFAULT NULL,
  `city` varchar(20) DEFAULT NULL,
  `expected_price` int(8) DEFAULT NULL,
  `description` varchar(255) DEFAULT NULL,
  `owner_id` int(11) DEFAULT NULL,
  `available` int(1) DEFAULT NULL,
  `photo1` varchar(100) DEFAULT NULL,
  `state` varchar(30) DEFAULT NULL,
  `photo4` varchar(15) DEFAULT NULL,
  `photo3` varchar(15) DEFAULT NULL,
  `photo2` varchar(15) DEFAULT NULL,
  `doc_invoice` varchar(15) DEFAULT NULL,
  `doc_insurance` varchar(15) DEFAULT NULL,
  `type_id` int(5) DEFAULT NULL,
  `doc_fitness` varchar(15) DEFAULT NULL,
  `doc_rc` varchar(15) DEFAULT NULL,
  `doc_poc` varchar(15) DEFAULT NULL,
  `doc_roadtax` varchar(15) DEFAULT NULL,
  `category` varchar(50) DEFAULT NULL,
  `subcategory` varchar(50) DEFAULT NULL,
  `uploaded_by` int(1) DEFAULT NULL,
  PRIMARY KEY (`id`)
) ENGINE=InnoDB AUTO_INCREMENT=72 DEFAULT CHARSET=latin1;
/*!40101 SET character_set_client = @saved_cs_client */;

--
-- Dumping data for table `all_equipment`
--

LOCK TABLES `all_equipment` WRITE;
/*!40000 ALTER TABLE `all_equipment` DISABLE KEYS */;
INSERT INTO `all_equipment` VALUES (41,'Hyundai','&*(YHUBhj',89789789,'hubyiubhub',7890789,'Alirajpur',87897,'',31,1,'41_1.jpg','Madhya Pradesh','41_4.png','41_3.jpg','41_3.png',NULL,NULL,25,NULL,NULL,NULL,NULL,'Earth moving Equipment','Excavators',NULL),(42,'b2','m2',789908,'cfgcvgyvhjv',897987,'Alirajpur',78789,'gvgyvuygbuyh',31,0,'42_1.png','Madhya Pradesh','42_4.png','42_3.png','42_2.png','42_1.png','42_2.png',18,'','','','','2','2',NULL),(43,'b1','m2',8789790,'8ygyugyugugh',7867,'Alirajpur',7897,'this is updated',31,1,'43_1.png','Madhya Pradesh','43_4.png','43_3.png','43_2.png','43_1.png','43_2.png',12,'','','','','1','2',NULL),(44,'b2','m2',2016,'yellow',890,'Lohit',65000,'very good equipment. very good condition but good for nothing',1,0,'44_1.jpg','Arunachal Pradesh','44_4.jpg','44_3.jpg','44_2.jpg','44_1.png','44_2.png',16,'','','','','1','3',NULL),(45,'gdfg','MT678',78979,NULL,8790890,'city1',687989080,'vgyvuybyuohboiul',7,1,'45_1.png','state1','45_4.png','45_3.png','45_2.png','','',35,'','','','','Concrete and Masonry','Concrete Batching Plant',NULL),(46,'HITACHI','H234',78979,NULL,8790890,'city1',687989080,'vgyvuybyuohboiul',7,1,'46_1.png','state1','46_4.png','46_3.png','46_2.png','','',27,'','','','','Concrete Pumps','Mini Mobile Batching Plant',NULL),(47,'gdfg','MT678',89890,NULL,898908,'Lohit',787908,'hjguijkhklnkl.',1,1,'47_1.png','Arunachal Pradesh','47_4.png','47_3.png','47_2.png','47_1.png','47_2.png',35,'','','','','Concrete and Masonry','Concrete Batching Plant',NULL),(48,'gdfg','MT678',89089,NULL,78979,'Lohit',879899,'vhjvhjkbjbhjvhv jhkbvhjkb',1,1,'48_1.png','Arunachal Pradesh','48_4.png','48_3.png','48_2.png','48_1.png','48_2.png',35,'48_3.png','48_4.png','48_5.png','48_6.png','Concrete and Masonry','Concrete Batching Plant',NULL),(49,'TATA','T89H',78979,NULL,78798,'Lohit',678789,'ghcvgyhvhgjbhjk',1,1,'49_1.png','Arunachal Pradesh','49_4.png','49_3.png','49_2.png','49_1.png','49_2.png',29,'','','','','Concrete Pumps','Mini Mobile Batching Plant',NULL),(50,'TATA','T89H',78979,NULL,78798,'Lohit',678789,'ghcvgyhvhgjbhjk',1,1,'50_1.png','Arunachal Pradesh','50_4.png','50_3.png','50_2.png','50_1.png','50_2.png',29,'50_3.png','50_4.png','50_5.png','50_6.png','Concrete Pumps','Mini Mobile Batching Plant',NULL),(51,'TATA','T7879J',78979,NULL,78798,'Lohit',678789,'ghcvgyhvhgjbhjk',1,1,'51_1.png','Arunachal Pradesh','51_4.png','51_3.png','51_2.png','51_1.png','51_2.png',30,'51_3.png','51_4.png','51_5.png','51_6.png','Concrete Pumps','Mini Mobile Batching Plant',NULL),(52,'TATA','T7879J',687,NULL,78979,'Lohit',677977,'fvghvyuhbuh',1,1,'52_1.png','Arunachal Pradesh','52_4.png','52_3.png','52_2.png','52_1.png','52_2.png',30,'52_3.png','52_4.png','52_5.png','52_6.png','Concrete Pumps','Mini Mobile Batching Plant',NULL),(53,'Hyundai','&*(YHUBhj',8981,NULL,890890,'Lohit',8989000,'89789ghbhjvghvuyk',1,1,'53_1.png','Arunachal Pradesh','53_4.png','53_3.png','53_2.png','53_1.png','53_2.png',33,'53_3.png','53_4.png','53_5.png','53_6.png','Concrete Pumps','Static Batching Plant',NULL),(54,'Hyundai','C7897',7898,NULL,67889,'Lohit',676879,'gyugyubkjnjk',1,1,'54_1.png','Arunachal Pradesh','54_4.png','54_3.png','54_2.png','54_1.png','54_2.png',34,'54_3.png','54_4.png','54_5.png','54_6.png','Concrete Pumps','Static Batching Plant',NULL),(55,'Hyundai','C7897',7990,NULL,7889,'city1',788999,'vguhviuyvbiu',7,1,'55_1.png','state1','55_4.png','55_3.png','55_2.png','55_1.png','55_2.png',26,'55_3.png','55_4.png','55_5.png','55_6.png','Earth moving Equipment','Excavators',NULL),(56,'TATA','T7879J',7899,'yellow',6789,'city1',6768989,'arbit description likhungi m',3,1,NULL,'state1',NULL,NULL,NULL,NULL,NULL,40,NULL,NULL,NULL,NULL,'Compaction','Ride on Vinratory Roller - Single Drum',NULL),(57,'TATA','T7879J',676,'yellow',6789,'city1',676788,'arbit description likhungi mghjbvjk',3,1,NULL,'state1',NULL,NULL,NULL,NULL,NULL,40,NULL,NULL,NULL,NULL,'Compaction','Ride on Vinratory Roller - Single Drum',NULL),(58,'TATA','T7879J',767,'black',6789,'city1',6768989,'arbit description likhungi m',3,1,NULL,'state1',NULL,NULL,NULL,NULL,NULL,40,NULL,NULL,NULL,NULL,'Compaction','Ride on Vinratory Roller - Single Drum',NULL),(59,'TATA','T7879J',7899,'grey',6789,'city1',6768989,'arbit description likhungi m',3,1,NULL,'state1',NULL,NULL,NULL,NULL,NULL,40,NULL,NULL,NULL,NULL,'Compaction','Ride on Vinratory Roller - Single Drum',NULL),(60,'TATA','T7879J',7899,'yellow',6789,'city1',6768989,'arbit description likhungi m',3,1,NULL,'state1',NULL,NULL,NULL,NULL,NULL,40,NULL,NULL,NULL,NULL,'Compaction','Ride on Vinratory Roller - Single Drum',NULL),(61,'TATA','T7879J',7899,'yellow',6789,'city1',6768989,'arbit description likhungi m',3,1,NULL,'state1',NULL,NULL,NULL,NULL,NULL,40,NULL,NULL,NULL,NULL,'Compaction','Ride on Vinratory Roller - Single Drum',NULL),(62,'TATA','T7879J',7899,'yellow',6789,'city1',6768989,'arbit description likhungi m',3,1,NULL,'state1',NULL,NULL,NULL,NULL,NULL,40,NULL,NULL,NULL,NULL,'Compaction','Ride on Vinratory Roller - Single Drum',NULL),(63,'TATA','T7879J',7899,'yellow',6789,'city1',6768989,'arbit description likhungi m',3,1,NULL,'state1',NULL,NULL,NULL,NULL,NULL,40,NULL,NULL,NULL,NULL,'Compaction','Ride on Vinratory Roller - Single Drum',NULL),(64,'TATA','T7879J',7899,'yellow',6789,NULL,6768989,'arbit description likhungi m',7,1,NULL,NULL,NULL,NULL,NULL,NULL,NULL,40,NULL,NULL,NULL,NULL,'Compaction','Ride on Vinratory Roller - Single Drum',NULL),(65,'TATA','T7879J',676,'yellow',6789,NULL,676788,'arbit description likhungi mghjbvjk',7,1,NULL,NULL,NULL,NULL,NULL,NULL,NULL,40,NULL,NULL,NULL,NULL,'Compaction','Ride on Vinratory Roller - Single Drum',NULL),(66,'TATA','T7879J',767,'black',6789,NULL,6768989,'arbit description likhungi m',7,1,NULL,NULL,NULL,NULL,NULL,NULL,NULL,40,NULL,NULL,NULL,NULL,'Compaction','Ride on Vinratory Roller - Single Drum',NULL),(67,'TATA','T7879J',7899,'grey',6789,NULL,6768989,'arbit description likhungi m',7,1,NULL,NULL,NULL,NULL,NULL,NULL,NULL,40,NULL,NULL,NULL,NULL,'Compaction','Ride on Vinratory Roller - Single Drum',NULL),(68,'TATA','T7879J',7899,'yellow',6789,NULL,6768989,'arbit description likhungi m',7,1,NULL,NULL,NULL,NULL,NULL,NULL,NULL,40,NULL,NULL,NULL,NULL,'Compaction','Ride on Vinratory Roller - Single Drum',NULL),(69,'TATA','T7879J',7899,'yellow',6789,NULL,6768989,'arbit description likhungi m',7,1,NULL,NULL,NULL,NULL,NULL,NULL,NULL,40,NULL,NULL,NULL,NULL,'Compaction','Ride on Vinratory Roller - Single Drum',NULL),(70,'TATA','T7879J',7899,'yellow',6789,NULL,6768989,'arbit description likhungi m',7,1,NULL,NULL,NULL,NULL,NULL,NULL,NULL,40,NULL,NULL,NULL,NULL,'Compaction','Ride on Vinratory Roller - Single Drum',NULL),(71,'TATA','T7879J',7899,'yellow',6789,NULL,6768989,'arbit description likhungi m',7,1,NULL,NULL,NULL,NULL,NULL,NULL,NULL,40,NULL,NULL,NULL,NULL,'Compaction','Ride on Vinratory Roller - Single Drum',NULL);
/*!40000 ALTER TABLE `all_equipment` ENABLE KEYS */;
UNLOCK TABLES;

--
-- Table structure for table `emails`
--

DROP TABLE IF EXISTS `emails`;
/*!40101 SET @saved_cs_client     = @@character_set_client */;
/*SET character_set_client = utf8mb4 ;*/
CREATE TABLE `emails` (
  `email` varchar(60) DEFAULT NULL,
  `date` varchar(10) DEFAULT NULL,
  `resolved` int(1) DEFAULT NULL,
  `sno` int(6) NOT NULL AUTO_INCREMENT,
  `remarks` varchar(100) DEFAULT NULL,
  PRIMARY KEY (`sno`)
) ENGINE=InnoDB AUTO_INCREMENT=8 DEFAULT CHARSET=latin1;
/*!40101 SET character_set_client = @saved_cs_client */;

--
-- Dumping data for table `emails`
--

LOCK TABLES `emails` WRITE;
/*!40000 ALTER TABLE `emails` DISABLE KEYS */;
INSERT INTO `emails` VALUES ('user1@email.com','01/06/2018',0,1,NULL),('user1@email.com','01/06/2018',0,2,NULL),('fghvhj','01/06/2018',0,3,NULL),('admin2@email.com','01/06/2018',0,4,NULL),('admin2@email.com','07/06/2018',0,5,NULL),('admin1@email.com','07/06/2018',0,6,NULL),('admin2@email.com','07/06/2018',0,7,NULL);
/*!40000 ALTER TABLE `emails` ENABLE KEYS */;
UNLOCK TABLES;

--
-- Table structure for table `equipment_type`
--

DROP TABLE IF EXISTS `equipment_type`;
/*!40101 SET @saved_cs_client     = @@character_set_client */;
 /*SET character_set_client = utf8mb4 ;*/
CREATE TABLE `equipment_type` (
  `type_id` int(5) NOT NULL AUTO_INCREMENT,
  `category` varchar(50) DEFAULT NULL,
  `model` varchar(20) DEFAULT NULL,
  `mapping_unit` varchar(20) DEFAULT NULL,
  `max_dig_depth` varchar(20) DEFAULT NULL,
  `engine_power` varchar(20) DEFAULT NULL,
  `loader_capacity` varchar(20) DEFAULT NULL,
  `showel_capacity` varchar(20) DEFAULT NULL,
  `backhoe_bucket_capacity` varchar(20) DEFAULT NULL,
  `weight` varchar(20) DEFAULT NULL,
  `blade_capacity` varchar(20) DEFAULT NULL,
  `doc1` varchar(10) DEFAULT NULL,
  `doc2` varchar(10) DEFAULT NULL,
  `subcategory` varchar(50) DEFAULT NULL,
  `brand` varchar(50) DEFAULT NULL,
  PRIMARY KEY (`type_id`)
) ENGINE=InnoDB AUTO_INCREMENT=53 DEFAULT CHARSET=latin1;
/*!40101 SET character_set_client = @saved_cs_client */;

--
-- Dumping data for table `equipment_type`
--

LOCK TABLES `equipment_type` WRITE;
/*!40000 ALTER TABLE `equipment_type` DISABLE KEYS */;
INSERT INTO `equipment_type` VALUES (7,'2','m1',NULL,'24','1000cc','10t','34',NULL,'20t','67',NULL,NULL,'4','b1'),(8,'2','m2',NULL,'24','1000cc','10t','34',NULL,'2t','67',NULL,NULL,'4','b1'),(10,'2','m2',NULL,'24','1000cc','10t','34',NULL,'2t','gfghj',NULL,NULL,'4','b1'),(11,'2','m2',NULL,'24','1000cc','10t','dbhjbvhj',NULL,'2t','gfghj',NULL,NULL,'2','b1'),(12,'1','m2',NULL,'24','1000cc','10t','34',NULL,'2t','gfghj',NULL,NULL,'2','b1'),(13,'1','m2',NULL,'24','1000cc','10t','34',NULL,'2t','23',NULL,NULL,'1','b1'),(14,'1','m2',NULL,'24','1000cc','10t','34',NULL,'28kg','23',NULL,NULL,'1','b1'),(15,'1','m2',NULL,'24','1000cc','10t','34',NULL,'28kg','2m',NULL,NULL,'2','b2'),(16,'1','m2',NULL,'24','1000cc','10t','34',NULL,'28','2m',NULL,NULL,'3','b2'),(17,'1','m2',NULL,'24','1000cc','10t','34gfdg',NULL,'28','2m',NULL,NULL,'2','b2'),(18,'2','m2',NULL,'24','1000cc','10t','34gfdg',NULL,'28gfh','2m',NULL,NULL,'2','b2'),(19,'Earth moving Equipment','H234','','78','56787','678','8797','789','15t','67578','','','Backhoes','HITACHI'),(20,'Earth moving Equipment','H687','','5m','789hp','7897','78','78kg','7t','GUYG','','','Backhoes','HITACHI'),(21,'Earth moving Equipment','T89H','','hvbhjk','bvhjb','hbhjb','hbhjb','bhjb','bhj','bnmb ','','','Backhoes','TATA'),(22,'Earth moving Equipment','T7879J','','678','9898','gyu','guyg87','gy','gg','8','','','Backhoes','TATA'),(23,'Earth moving Equipment','B8789','','gyug','hgh','b76t7','8h','78tgiy','hvt','fyb','','','Excavators','Caterpilar'),(24,'Earth moving Equipment','Vhjhk','','76y78','hy7g','ubyg','8u','byug','8ub','yug','','','Excavators','Caterpilar'),(25,'Earth moving Equipment','&*(YHUBhj','','gbyugiub','hbhloj','yugvyuvb','hub8998','9089yuyg','byug78','8h78uh','','','Excavators','Hyundai'),(26,'Earth moving Equipment','C7897','','789yhub','u78guy','guguygbo','gyg87','890890','78tyg','7y89yhg','','','Excavators','Hyundai'),(27,'Concrete Pumps','H234','','78','56787','678','8797','789','15t','67578','','','Mini Mobile Batching Plant','HITACHI'),(28,'Concrete Pumps','H687','','5m','789hp','7897','78','78kg','7t','GUYG','','','Mini Mobile Batching Plant','HITACHI'),(29,'Concrete Pumps','T89H','','hvbhjk','bvhjb','hbhjb','hbhjb','bhjb','bhj','bnmb ','','','Mini Mobile Batching Plant','TATA'),(30,'Concrete Pumps','T7879J','','678','9898','gyu','guyg87','gy','gg','8','','','Mini Mobile Batching Plant','TATA'),(31,'Concrete Pumps','B8789','','gyug','hgh','b76t7','8h','78tgiy','hvt','fyb','','','Static Batching Plant','Caterpilar'),(32,'Concrete Pumps','Vhjhk','','76y78','hy7g','ubyg','8u','byug','8ub','yug','','','Static Batching Plant','Caterpilar'),(33,'Concrete Pumps','&*(YHUBhj','','gbyugiub','hbhloj','yugvyuvb','hub8998','9089yuyg','byug78','8h78uh','','','Static Batching Plant','Hyundai'),(34,'Concrete Pumps','C7897','','789yhub','u78guy','guguygbo','gyg87','890890','78tyg','7y89yhg','','','Static Batching Plant','Hyundai'),(35,'Concrete and Masonry','MT678','78987','8098','89890gbuyg','gyvuyg87','yg87y','v7yg78','vyviyuv','yg87g','t45_1.png','t45_2.png','Concrete Batching Plant','gdfg'),(36,'Earth Moving Equipments','H234','787','9890','ggyv ghv uyb','78g78h','g78g78','h78yh89y','u78h8','h89y0','t45_1.png','t45_2.png','Backhoes','HITACHI'),(37,'Compaction','H234','','78','56787','678','8797','789','15t','67578',NULL,NULL,'Ride on Vinratory Roller - Single Drum','Brand2'),(38,'Compaction','H687','','5m','789hp','7897','78','78kg','7t','GUYG',NULL,NULL,'Ride on Vinratory Roller - Single Drum','HITACHI'),(39,'Compaction','T89H','','hvbhjk','bvhjb','hbhjb','hbhjb','bhjb','bhj','bnmb ',NULL,NULL,'Ride on Vinratory Roller - Single Drum','TATA'),(40,'Compaction','T7879J','','678','9898','gyu','guyg87','gy','gg','8',NULL,NULL,'Ride on Vinratory Roller - Single Drum','TATA'),(41,'Compaction','B8789','','gyug','hgh','b76t7','8h','78tgiy','hvt','fyb',NULL,NULL,'Ride on Vibratory Roller - Double Drum','Caterpilar'),(42,'Compaction','Vhjhk','','76y78','hy7g','ubyg','8u','byug','8ub','yug',NULL,NULL,'Ride on Vibratory Roller - Double Drum','Caterpilar'),(43,'Compaction','HUBhj','','gbyugiub','hbhloj','yugvyuvb','hub8998','9089yuyg','78','8h78uh',NULL,NULL,'Ride on Vibratory Roller - Double Drum','Hyundai'),(44,'Compaction','C7897','','789yhub','u78guy','guguygbo','gyg87','890890','78tyg','7y89yhg',NULL,NULL,'Ride on Vibratory Roller - Double Drum','Hyundai'),(45,'Power & HVAC','H234','','78','56787','678','8797','789','15t','67578',NULL,NULL,'Mobile Generator','Brand1'),(46,'Power & HVAC','H687','','5m','789hp','7897','78','78kg','7t','GUYG',NULL,NULL,'Mobile Generator','HITACHI'),(47,'Power & HVAC','T89H','','hvbhjk','bvhjb','hbhjb','hbhjb','bhjb','bhj','bnmb ',NULL,NULL,'Mobile Generator','TATA'),(48,'Power & HVAC','T7879J','','678','9898','gyu','guyg87','gy','gg','8',NULL,NULL,'Mobile Generator','TATA'),(49,'Power & HVAC','B8789','','gyug','hgh','b76t7','8h','78tgiy','hvt','fyb',NULL,NULL,'Portable Generator','Caterpilar'),(50,'Power & HVAC','Vhjhk','','76y78','hy7g','ubyg','8u','byug','8ub','yug',NULL,NULL,'Portable Generator','Caterpilar'),(51,'Power & HVAC','HUBhj','','gbyugiub','hbhloj','yugvyuvb','hub8998','9089yuyg','78','8h78uh',NULL,NULL,'Portable Generator','Hyundai'),(52,'Power & HVAC','C7897','','789yhub','u78guy','guguygbo','gyg87','890890','78tyg','7y89yhg',NULL,NULL,'Portable Generator','Hyundai');
/*!40000 ALTER TABLE `equipment_type` ENABLE KEYS */;
UNLOCK TABLES;

--
-- Table structure for table `featured`
--

DROP TABLE IF EXISTS `featured`;
/*!40101 SET @saved_cs_client     = @@character_set_client */;
 /*SET character_set_client = utf8mb4 ;*/
CREATE TABLE `featured` (
  `equip_id` int(11) NOT NULL,
  `display` int(1) NOT NULL,
  `start_date` varchar(10) DEFAULT NULL,
  `end_date` varchar(10) DEFAULT NULL,
  `views` int(11) DEFAULT NULL
) ENGINE=InnoDB DEFAULT CHARSET=latin1;
/*!40101 SET character_set_client = @saved_cs_client */;

--
-- Dumping data for table `featured`
--

LOCK TABLES `featured` WRITE;
/*!40000 ALTER TABLE `featured` DISABLE KEYS */;
INSERT INTO `featured` VALUES (41,0,'07/06/2018','18/06/2018',1),(42,0,'07/06/2018','15/06/2018',0),(43,0,'07/06/2018','19/06/2018',0),(44,1,'03/03/2013','06/05/2015',57),(41,0,'15/06/2018','18/06/2018',1),(41,0,'15/06/2018','18/06/2018',1),(43,0,'15/06/2018','19/06/2018',0),(43,0,'15/06/2018','19/06/2018',0),(41,0,'18/06/2018','18/06/2018',1),(41,0,'18/06/2018','18/06/2018',1),(41,1,'18/06/2018','0',1),(43,0,'18/06/2018','19/06/2018',0),(43,0,'18/06/2018','19/06/2018',0),(45,1,'19/06/2018','0',0);
/*!40000 ALTER TABLE `featured` ENABLE KEYS */;
UNLOCK TABLES;

--
-- Table structure for table `requests`
--

DROP TABLE IF EXISTS `requests`;
/*!40101 SET @saved_cs_client     = @@character_set_client */;
 /*SET character_set_client = utf8mb4 ;*/
CREATE TABLE `requests` (
  `equip_id` int(11) DEFAULT NULL,
  `applicant_id` int(11) DEFAULT NULL
) ENGINE=InnoDB DEFAULT CHARSET=latin1;
/*!40101 SET character_set_client = @saved_cs_client */;

--
-- Dumping data for table `requests`
--

LOCK TABLES `requests` WRITE;
/*!40000 ALTER TABLE `requests` DISABLE KEYS */;
INSERT INTO `requests` VALUES (2,3),(7,3),(8,3),(8,3),(8,3),(8,3),(8,3),(8,3),(9,3),(6,3),(11,1),(20,3),(8,3),(NULL,3),(NULL,3),(NULL,3),(NULL,3),(38,3),(44,7),(44,8),(41,8);
/*!40000 ALTER TABLE `requests` ENABLE KEYS */;
UNLOCK TABLES;

--
-- Table structure for table `views`
--

DROP TABLE IF EXISTS `views`;
/*!40101 SET @saved_cs_client     = @@character_set_client */;
 /*SET character_set_client = utf8mb4 ;*/
CREATE TABLE `views` (
  `equip_id` int(11) DEFAULT NULL,
  `viewer_id` int(11) DEFAULT NULL
) ENGINE=InnoDB DEFAULT CHARSET=latin1;
/*!40101 SET character_set_client = @saved_cs_client */;

--
-- Dumping data for table `views`
--

LOCK TABLES `views` WRITE;
/*!40000 ALTER TABLE `views` DISABLE KEYS */;
INSERT INTO `views` VALUES (1,3),(2,3),(7,3),(8,3),(9,3),(8,3),(9,3),(7,3),(8,3),(7,3),(7,3),(7,3),(6,3),(2,7),(6,7),(1,1),(11,1),(6,1),(20,3),(25,1),(38,3),(44,1),(41,31),(42,31),(41,8),(49,8);
/*!40000 ALTER TABLE `views` ENABLE KEYS */;
UNLOCK TABLES;
/*!40103 SET TIME_ZONE=@OLD_TIME_ZONE */;

/*!40101 SET SQL_MODE=@OLD_SQL_MODE */;
/*!40014 SET FOREIGN_KEY_CHECKS=@OLD_FOREIGN_KEY_CHECKS */;
/*!40014 SET UNIQUE_CHECKS=@OLD_UNIQUE_CHECKS */;
/*!40101 SET CHARACTER_SET_CLIENT=@OLD_CHARACTER_SET_CLIENT */;
/*!40101 SET CHARACTER_SET_RESULTS=@OLD_CHARACTER_SET_RESULTS */;
/*!40101 SET COLLATION_CONNECTION=@OLD_COLLATION_CONNECTION */;
/*!40111 SET SQL_NOTES=@OLD_SQL_NOTES */;

-- Dump completed on 2018-06-19 13:49:00
